,income_tz,year,income_per_neighbor,month,day,income,neighbors,weight,looped_ratio,looped,income_per_count,weekday,weight_per_count,length,count
income_tz,1.0,-0.010878221449246009,-0.0020311509465175607,-0.050120788530801326,-0.049267651830483934,-0.03601324807687896,-0.09933881093765513,-0.05327255309682775,-0.068077899653534,-0.06439399798925491,0.0080609197271103,-0.0603798671128579,-0.037767487338579826,-0.052769851401308264,-0.02658503485035782
year,-0.010878221449246009,1.0,-0.2945410741197798,-0.1262454076596737,-0.12570744073081708,-0.297990475280237,-0.04458180851371875,-0.05254885497120186,-0.036704256700092086,-0.003541111383506176,-0.22132189511166397,-0.03547727149990378,0.0038048253315887833,0.08338469613037605,0.10740787155798968
income_per_neighbor,-0.0020311509465175607,-0.2945410741197798,1.0,-0.00781054698242953,-0.00845302791019757,0.9483207195126808,-0.07181614000878812,0.081745780920703,0.021002464931839465,0.015561463991141848,0.43849481270389246,0.018602983966977127,-0.018209093207830464,0.011687607899064702,-0.019392896905751907
month,-0.050120788530801326,-0.1262454076596737,-0.00781054698242953,1.0,0.9961874158973905,0.011384996157948427,0.05749436207447833,0.010669035818488729,-0.014478862320552002,-0.010282680704118422,0.011572401009803423,0.009735245081432566,-0.0009609632136424345,-0.0034051507688943545,-0.008161701940559176
day,-0.049267651830483934,-0.12570744073081708,-0.00845302791019757,0.9961874158973905,1.0,0.01076808178071907,0.05759902665518955,0.010050211472122149,-0.014365925426688615,-0.010262678544571349,0.010993224503531724,0.009300914247155234,-0.0011345678399480154,-0.0033053369981866916,-0.007766960197476358
income,-0.03601324807687896,-0.297990475280237,0.9483207195126808,0.011384996157948427,0.01076808178071907,1.0,0.2447949909179301,0.18672535935438583,0.12337787032097294,0.10637374567939314,0.41339427677247725,0.016753171235198566,-0.04643433073812927,0.0760800184981941,0.031196397843074927
neighbors,-0.09933881093765513,-0.04458180851371875,-0.07181614000878812,0.05749436207447833,0.05759902665518955,0.2447949909179301,1.0,0.38127319011173444,0.33680230605468037,0.3012056886770734,-0.04761673242186691,-0.0027152237879656954,-0.08568163207009105,0.19845100720089778,0.16458110245854984
weight,-0.05327255309682775,-0.05254885497120186,0.081745780920703,0.010669035818488729,0.010050211472122149,0.18672535935438583,0.38127319011173444,1.0,0.07287345347795374,0.08591416172478984,0.13141014779799023,0.021393739687931353,0.5698106095256172,-0.25458642595561765,-0.05621894555186548
looped_ratio,-0.068077899653534,-0.036704256700092086,0.021002464931839465,-0.014478862320552002,-0.014365925426688615,0.12337787032097294,0.33680230605468037,0.07287345347795374,1.0,0.8518932275827742,-0.2785320794689854,0.012932388568385312,-0.19478090887229565,0.3142271341063687,0.3641575000694042
looped,-0.06439399798925491,-0.003541111383506176,0.015561463991141848,-0.010282680704118422,-0.010262678544571349,0.10637374567939314,0.3012056886770734,0.08591416172478984,0.8518932275827742,1.0,-0.41502485276605766,-0.003780862509327502,-0.2556854846696722,0.39639278845583764,0.5103172448340427
income_per_count,0.0080609197271103,-0.22132189511166397,0.43849481270389246,0.011572401009803423,0.010993224503531724,0.41339427677247725,-0.04761673242186691,0.13141014779799023,-0.2785320794689854,-0.41502485276605766,1.0,0.033675397453450495,0.46983210668329367,-0.6781785682342093,-0.8963004499109474
weekday,-0.0603798671128579,-0.03547727149990378,0.018602983966977127,0.009735245081432566,0.009300914247155234,0.016753171235198566,-0.0027152237879656954,0.021393739687931353,0.012932388568385312,-0.003780862509327502,0.033675397453450495,1.0,0.025154909084422528,-0.02222354107317263,-0.029557547038240213
weight_per_count,-0.037767487338579826,0.0038048253315887833,-0.018209093207830464,-0.0009609632136424345,-0.0011345678399480154,-0.04643433073812927,-0.08568163207009105,0.5698106095256172,-0.19478090887229565,-0.2556854846696722,0.46983210668329367,0.025154909084422528,1.0,-0.7289961498350307,-0.5290777691597949
length,-0.052769851401308264,0.08338469613037605,0.011687607899064702,-0.0034051507688943545,-0.0033053369981866916,0.0760800184981941,0.19845100720089778,-0.25458642595561765,0.3142271341063687,0.39639278845583764,-0.6781785682342093,-0.02222354107317263,-0.7289961498350307,1.0,0.7766804305831635
count,-0.02658503485035782,0.10740787155798968,-0.019392896905751907,-0.008161701940559176,-0.007766960197476358,0.031196397843074927,0.16458110245854984,-0.05621894555186548,0.3641575000694042,0.5103172448340427,-0.8963004499109474,-0.029557547038240213,-0.5290777691597949,0.7766804305831635,1.0
