feature,montrealCryptXXX,montrealCryptoLocker,otherRansom,paduaCryptoWall,princetonCerber,princetonLocky,white,R,eta,rank
income_tz,0.13273647970750913,0.02868918646995227,-0.015040890306276321,0.0434845201045102,0.2486472477079516,0.2953567018823553,-0.40658956830855675,0.2187416240134449,0.4873621238174362,1
year,0.12201776166237033,-0.31205812369234287,0.07126185133996316,-0.09229312658243395,0.3147524793972702,0.2084417554860413,-0.10781632719171547,0.20000226017300884,0.4969287730193292,2
income_per_neighbor,-0.08255996557887335,-0.02642566804726602,0.024363391377954072,0.019251937515750887,-0.26210512465447666,0.013286240387792867,0.1820844623334768,0.1256463561877014,0.29312897772268587,3
month,-0.01659254903445794,0.22539394503242685,-0.0025900538271135384,-0.15062317750843926,0.011360219353869449,-0.135441523108986,0.03762608549660152,0.11567255273767738,0.28697709382543807,4
day,-0.017812538413969584,0.22453852645685593,-0.0026047802400920137,-0.15255254878151334,0.012488859388403642,-0.1313927373777617,0.0370508692677515,0.11514381775224862,0.2855889001068626,5
income,-0.06834094213620164,0.026672326289762165,0.005677567869022385,-0.006693525805567154,-0.2204895105931028,-0.05570981354733493,0.17839168201391659,0.11275874070979248,0.25923871592279907,6
neighbors,0.029012566688842865,0.17142460896278766,-0.04592606632623353,-0.05558708762506008,0.07950652314026654,-0.19224482048809569,-0.012143690380604031,0.10613608576134077,0.267005227282049,7
weight,-0.03888563989888904,0.13856954483184764,0.04601710319118522,0.12717679683622682,-0.11221578736214319,-0.0649873963075398,-0.07136243501685037,0.09328410133148227,0.2279630921140334,8
looped_ratio,-0.0420679257863857,-0.02059945200245322,0.004956504159521984,0.014454766175962445,-0.0769258485957852,-0.06165249221566091,0.09742103895183755,0.05559680079502852,0.1256883335696232,9
looped,-0.031809680788884215,-0.019777003770457893,-0.002398706015436131,0.028881465209554123,-0.0807341734983757,-0.05178899984319819,0.0821237319040156,0.05097239184148587,0.1169461819463755,10
income_per_count,-0.02793821319083182,0.06022911148180515,0.004367571696857833,-0.02891534863125255,-0.06498304084650364,-0.04633807526527932,0.05685846879352164,0.04608402416963277,0.10977971511317534,11
weekday,-0.019730838861038522,-0.0014733357907418874,-0.01403058619764463,-0.01351744669826506,-0.0593018927279299,-0.05017172480434104,0.08541633728627247,0.04488226274083627,0.09908403315085614,12
weight_per_count,-0.03112038680304758,0.04414368131553532,0.049435876073980575,0.024799896710879173,-0.060349284198590133,-0.03128713577754785,0.006909277154288989,0.03899586585079203,0.09876772926859408,13
length,0.02302563025267582,-0.06836130799039657,-0.04209793998604439,0.016431722964985372,0.0065131030418675235,0.008864136178563116,0.025823343769912466,0.03387692989598546,0.08412370453408641,14
count,-0.0018302240623498229,-0.05793667421094947,-0.0015012757261057847,0.024850865668138798,-0.03208376338539863,0.025985738451183987,0.02597692232243532,0.030140751391655788,0.07337023831592528,15
