,year,neighbors,weight,count,weight_per_count,length,is_ransom,month,looped_ratio,day,weekday,looped,log_income
year,1.0,0.05279742393651491,0.0798430523148777,0.1603425620984565,0.07456857420854483,0.09682813542036459,0.021562809958205583,-0.03946349647535293,0.009679981481531808,-0.040308616405896606,-0.0026799154544594043,0.052872936688265426,-0.2849847548775227
neighbors,0.05279742393651491,1.0,0.29499276644392863,0.1846570232168594,-0.08929486512199733,0.24587887673745384,0.002885824461268589,0.000889845961902488,0.3359464440023719,0.0007762688324979268,-0.0045718913301949545,0.28223302125453154,0.19799069748781556
weight,0.0798430523148777,0.29499276644392863,1.0,-0.1564870670426256,0.6442597499590306,-0.3253532719740242,0.01950106154954634,0.002565137066474622,-0.03177746897012438,0.002368423557128239,0.01720793945014734,-0.045541104985541855,0.08877468682067827
count,0.1603425620984565,0.1846570232168594,-0.1564870670426256,1.0,-0.5429603042367298,0.7587557575738332,-0.007348977334764978,0.00900798691837896,0.41852591687957247,0.009210396365921726,-0.0326224221918025,0.5556601877579935,-0.05937052690228137
weight_per_count,0.07456857420854483,-0.08929486512199733,0.6442597499590306,-0.5429603042367298,1.0,-0.6874469824860365,-0.00040546966333400273,-0.0009860887282412303,-0.21976450248175797,-0.0011764744458117801,0.024681353667233404,-0.27999486672885104,-0.05012227979767392
length,0.09682813542036459,0.24587887673745384,-0.3253532719740242,0.7587557575738332,-0.6874469824860365,1.0,-0.008309992510558724,0.007989862549619912,0.3498992721337462,0.008108509681924591,-0.02084230509661036,0.42476487272779695,0.036555634017393736
is_ransom,0.021562809958205583,0.002885824461268589,0.01950106154954634,-0.007348977334764978,-0.00040546966333400273,-0.008309992510558724,1.0,-0.00845772737552052,-0.021237273535919147,-0.00823280389713163,-0.02077352209782345,-0.017733876240590012,-0.036208955249062376
month,-0.03946349647535293,0.000889845961902488,0.002565137066474622,0.00900798691837896,-0.0009860887282412303,0.007989862549619912,-0.00845772737552052,1.0,-0.005895135480901406,0.9964222854266818,0.0014796178624103113,0.0007954743635265263,-0.025098890854242547
looped_ratio,0.009679981481531808,0.3359464440023719,-0.03177746897012438,0.41852591687957247,-0.21976450248175797,0.3498992721337462,-0.021237273535919147,-0.005895135480901406,1.0,-0.006081165400351827,-0.0021017847239196636,0.8676134544071149,0.02502811377618864
day,-0.040308616405896606,0.0007762688324979268,0.002368423557128239,0.009210396365921726,-0.0011764744458117801,0.008108509681924591,-0.00823280389713163,0.9964222854266818,-0.006081165400351827,1.0,0.0013190916431936603,0.0005853023825527649,-0.02498824495422465
weekday,-0.0026799154544594043,-0.0045718913301949545,0.01720793945014734,-0.0326224221918025,0.024681353667233404,-0.02084230509661036,-0.02077352209782345,0.0014796178624103113,-0.0021017847239196636,0.0013190916431936603,1.0,-0.015695282457049042,-0.005746419591891382
looped,0.052872936688265426,0.28223302125453154,-0.045541104985541855,0.5556601877579935,-0.27999486672885104,0.42476487272779695,-0.017733876240590012,0.0007954743635265263,0.8676134544071149,0.0005853023825527649,-0.015695282457049042,1.0,0.0018819235551696923
log_income,-0.2849847548775227,0.19799069748781556,0.08877468682067827,-0.05937052690228137,-0.05012227979767392,0.036555634017393736,-0.036208955249062376,-0.025098890854242547,0.02502811377618864,-0.02498824495422465,-0.005746419591891382,0.0018819235551696923,1.0
