feature,rank,pearson,spearman,abs_pearson
year,1,-0.2849847548775092,-0.28106422924493857,0.2849847548775092
neighbors,2,0.19799069748781117,0.15581023988347212,0.19799069748781117
weight,3,0.0887746868206745,0.013131408565523452,0.0887746868206745
count,4,-0.05937052690227609,-0.026379340050277422,0.05937052690227609
weight_per_count,5,-0.05012227979767582,-0.01915889053473251,0.05012227979767582
length,6,0.03655563401739359,0.03808117986671478,0.03655563401739359
is_ransom,7,-0.03620895524907998,-0.02743392367643189,0.03620895524907998
month,8,-0.02509889085424387,-0.022518809809319047,0.02509889085424387
looped_ratio,9,0.025028113776188816,0.04480259798535325,0.025028113776188816
day,10,-0.024988244954224595,-0.02245456859080313,0.024988244954224595
weekday,11,-0.005746419591891399,-0.0050867559907356264,0.005746419591891399
looped,12,0.0018819235551694475,0.04137747065125041,0.0018819235551694475
