model,class,precision,recall,f1-score,support
LogisticRegression,montrealCryptXXX,0.2918848167539267,0.4607438016528926,0.3573717948717949,484.0
LogisticRegression,montrealCryptoLocker,0.1145334928229665,0.2055823939881911,0.14710966007297868,1863.0
LogisticRegression,otherRansom,0.005705591479650057,0.3125,0.011206574523720583,288.0
LogisticRegression,paduaCryptoWall,0.14785570521752595,0.38539144471347864,0.2137182499720264,2478.0
LogisticRegression,princetonCerber,0.18688845401174167,0.3105691056910569,0.2333536957849725,1845.0
LogisticRegression,princetonLocky,0.42303609341825904,0.6015094339622642,0.49672795263321906,1325.0
LogisticRegression,white,0.9919065155448158,0.9522203885875661,0.9716583888294447,575057.0
KNN,montrealCryptXXX,0.5081967213114754,0.512396694214876,0.5102880658436214,484.0
KNN,montrealCryptoLocker,0.1502958579881657,0.2726784755770263,0.19378218577150486,1863.0
KNN,otherRansom,0.02727272727272727,0.020833333333333332,0.023622047244094488,288.0
KNN,paduaCryptoWall,0.21670876939732947,0.48466505246166264,0.299501246882793,2478.0
KNN,princetonCerber,0.3805,0.4124661246612466,0.39583875162548765,1845.0
KNN,princetonLocky,0.4010963910461398,0.6626415094339623,0.49971542401821284,1325.0
KNN,white,0.9921495432126296,0.9825982467824929,0.9873507965381128,575057.0
RandomForest,montrealCryptXXX,0.8734439834024896,0.8698347107438017,0.8716356107660456,484.0
RandomForest,montrealCryptoLocker,0.23045435939418749,0.3022007514761138,0.26149558755225266,1863.0
RandomForest,otherRansom,0.03905160390516039,0.09722222222222222,0.05572139303482587,288.0
RandomForest,paduaCryptoWall,0.32665330661322645,0.4604519774011299,0.3821805392731536,2478.0
RandomForest,princetonCerber,0.6390328151986183,0.6016260162601627,0.6197654941373534,1845.0
RandomForest,princetonLocky,0.6346037507562009,0.7916981132075471,0.7044996642041639,1325.0
RandomForest,white,0.9932561123573929,0.9893836610979433,0.9913161049315603,575057.0
HistGradientBoosting,montrealCryptXXX,0.8450980392156863,0.890495867768595,0.8672032193158954,484.0
HistGradientBoosting,montrealCryptoLocker,0.2794279427942794,0.2726784755770263,0.276011953273567,1863.0
HistGradientBoosting,otherRansom,0.08450704225352113,0.08333333333333333,0.08391608391608392,288.0
HistGradientBoosting,paduaCryptoWall,0.36502971535814827,0.47094430992736075,0.4112775330396476,2478.0
HistGradientBoosting,princetonCerber,0.6052765093860984,0.6466124661246613,0.6252620545073375,1845.0
HistGradientBoosting,princetonLocky,0.6926762491444216,0.7637735849056604,0.7264895908111989,1325.0
HistGradientBoosting,white,0.9932555186474806,0.9916008326131148,0.9924274859113993,575057.0
LightGBM,montrealCryptXXX,0.8223062381852552,0.8987603305785123,0.8588351431391905,484.0
LightGBM,montrealCryptoLocker,0.2511111111111111,0.3032742887815352,0.27473863360077805,1863.0
LightGBM,otherRansom,0.06963249516441006,0.125,0.08944099378881988,288.0
LightGBM,paduaCryptoWall,0.3396375098502758,0.5217917675544794,0.41145584725536993,2478.0
LightGBM,princetonCerber,0.6701346389228886,0.5934959349593496,0.6294912331129635,1845.0
LightGBM,princetonLocky,0.6820885657633841,0.7788679245283019,0.7272727272727273,1325.0
LightGBM,white,0.9934565251531173,0.9900583768217759,0.9917545401416369,575057.0
XGBoost-GPU,montrealCryptXXX,0.8036036036036036,0.9214876033057852,0.8585178055822906,484.0
XGBoost-GPU,montrealCryptoLocker,0.269825918762089,0.2995169082125604,0.2838972271686594,1863.0
XGBoost-GPU,otherRansom,0.10702341137123746,0.1111111111111111,0.10902896081771721,288.0
XGBoost-GPU,paduaCryptoWall,0.36385762093094004,0.4826472962066182,0.41491760624457935,2478.0
XGBoost-GPU,princetonCerber,0.6145940390544707,0.6482384823848238,0.6309680823001846,1845.0
XGBoost-GPU,princetonLocky,0.6830065359477124,0.7886792452830189,0.7320490367775832,1325.0
XGBoost-GPU,white,0.9934995772720537,0.9910774062397293,0.9922870136291777,575057.0
Ensemble,montrealCryptXXX,0.8574257425742574,0.8946280991735537,0.8756319514661274,484.0
Ensemble,montrealCryptoLocker,0.2663270032422418,0.30864197530864196,0.28592739930382893,1863.0
Ensemble,otherRansom,0.09142857142857143,0.1111111111111111,0.10031347962382445,288.0
Ensemble,paduaCryptoWall,0.34845132743362833,0.5084745762711864,0.4135214965539875,2478.0
Ensemble,princetonCerber,0.6452154448796866,0.6249322493224932,0.6349118942731278,1845.0
Ensemble,princetonLocky,0.6603888213851762,0.820377358490566,0.7317401548300235,1325.0
Ensemble,white,0.9936069299832367,0.9905313734116792,0.9920667680309039,575057.0
