model,1,2,3--5,6--15,$>$15
Số dòng test,526219.0,19404.0,17092.0,13076.0,7019.0
\% ransomware,0.7935859404544495,2.6437847866419295,4.581090568687105,7.548179871520342,20.68670750819205
XGB_current,0.504151210033563,0.4692942254812099,0.5402214022140222,0.523943661971831,0.41401617250673856
B_mlp,0.5592995489519766,0.4275618374558304,0.693854748603352,0.8328968046097434,0.8444444444444444
B_gru_L1,0.5450985191531025,0.42015005359056806,0.6780383795309168,0.831275720164609,0.8666411922048147
B_gru,0.5486771797211,0.6101694915254238,0.7958307786633967,0.9174683544303798,0.9734265734265735
B_cnn_k5,0.546582211665347,0.625,0.8119821542383684,0.9432404540763674,0.9475587703435805
B_mlp_cnt,0.5527496474810921,0.6035242290748899,0.7381111855324849,0.8536953242835595,0.9285963079066527
XGB_hist,0.6482476336658992,0.6924528301886792,0.792814371257485,0.8849028400597907,0.9370932754880694
