group,config,best_epoch,epochs,min_val_loss_epoch,train_f1_best,val_f1_best,train_loss_last,val_loss_last,train_f1_last,val_f1_last
A_random,A_lstm,50,60,57,0.7419891584938731,0.7222906915553897,0.2020733446751631,0.22488056123256683,0.7491406459171106,0.7124536522082126
A_random,A_gru,42,52,46,0.7285585126458696,0.7166840727554814,0.20777112104774675,0.22543270885944366,0.7371950591389969,0.7095110918990016
A_random,A_gru_nodrop,63,73,51,0.7678810329207544,0.7461951189582584,0.18252615748889864,0.23202838003635406,0.7786105265176841,0.7419092251445785
A_random,A_gru_h128,35,45,38,0.7398055956107346,0.7260844430362872,0.1967174918555425,0.22851796448230743,0.7574946845398854,0.7218505955922409
A_random,A_gru_lr3e-4,84,94,92,0.7108201049515285,0.7063242507274189,0.22553492381613735,0.23146969079971313,0.7163912607597648,0.7052219522640389
A_random,A_gru_bs2048,98,100,98,0.7296628803674149,0.7129192023470076,0.21004684186973843,0.22712895274162292,0.734367184475305,0.7074368850005681
A_random,A_cnn_simple,47,57,48,0.7487460263366604,0.7277527648186307,0.19923162864589347,0.22958342730998993,0.7573550571592341,0.7238358594103024
A_random,A_cnn_bn,53,63,47,0.7576252384716149,0.7413619033451645,0.19109498381837076,0.22856664657592773,0.7716956310713575,0.7386024549647754
A_random,A_cnn_do,42,52,50,0.6991526289993274,0.7081193875706729,0.23622058329422094,0.2315342128276825,0.7088342517914269,0.7030962310535743
A_random,A_cnn_bn_do,42,52,52,0.6972217775763946,0.7051827898812958,0.23856011013646042,0.2304004728794098,0.7060932186519773,0.6995415214201557
A_random,A_mlp,42,52,49,0.7132086119815216,0.7222563384814383,0.2200939035020622,0.22587190568447113,0.7209569296178155,0.7063437793173039
B_group,B_gru,53,63,22,0.9113900697490752,0.8553943355516018,0.09477043206448696,0.1687290519475937,0.9143451165173345,0.8517081130847126
B_group,B_gru_2l,53,63,61,0.9147590169596153,0.8808869584253918,0.09394846636130247,0.15181848406791687,0.9179306662262875,0.8771794358821927
B_group,B_gru_L32,26,36,29,0.8948167118074873,0.8452062409793085,0.10465352753161412,0.1623414307832718,0.9050256533031097,0.8423520433021018
B_group,B_cnn_simple,12,22,21,0.8674687586098332,0.8310941776597041,0.11683447598760473,0.1586407870054245,0.8960384692882497,0.8251725143625582
B_group,B_cnn_bn_do,22,32,31,0.8630802700102248,0.8469786976304619,0.13137507775827909,0.1359708309173584,0.8724899173966562,0.8377007879725278
B_group,B_cnn_k5,66,76,65,0.8904090188267417,0.8609423884526227,0.11824464288303714,0.13221748173236847,0.8919594552625147,0.8558350180008134
B_group,B_mlp,88,98,96,0.8715210577228524,0.8452204095974025,0.12158607605393043,0.1418246626853943,0.8722980621346766,0.8370980859331788
