group,config,macro_f1,macro_f1_std,n_seeds,binary_f1,accuracy,weighted_f1,macro_precision,macro_recall,train_time_s,model,n_params,epochs,best_epoch,time_per_epoch_s,lr,batch_size,arch
A_group,A_gru,0.5289230628979175,,1,0.449634214969049,0.983069954187471,0.9841642868598195,0.503402623312656,0.5651336242285904,74.24555379920639,rnn,22439.0,58.0,48.0,1.2800957551587309,0.001,512.0,"GRU 1x64, last"
A_group,A_lstm,0.5248777792772762,,1,0.44959239927276995,0.9837665791595889,0.9844705072875188,0.5116586676657586,0.5518407774377185,105.41925609996542,rnn,27687.0,50.0,40.0,2.1083851219993086,0.001,512.0,"LSTM 1x64, last"
A_group,A_mlp,0.5210248748489621,,1,0.44564218778710113,0.9843430963778933,0.9846802652909529,0.5250484737224895,0.5197571508721383,63.26659849868156,mlp,22407.0,75.0,65.0,0.8435546466490874,0.001,512.0,"MLP 2x128, do 0.2"
A_group,A_cnn_bn_do,0.5132029087856987,,1,0.4472242077674529,0.9838952660386747,0.9843558989555743,0.5082624189971742,0.5256524907645196,74.27798680053093,cnn,22855.0,70.0,60.0,1.0611140971504418,0.001,512.0,"Conv 32-64 k3 maxpool +BN, flatten, do 0.3"
A_random,A_bigru,0.5364722554031452,0.003728666890370075,3,0.4674840280739838,0.9833259048468017,0.9840050110231205,0.5149438043291196,0.5677475082185851,80.94031506644872,rnn,42279.0,40.0,30.0,1.5531402750057168,0.001,512.0,"BiGRU 1x64, last"
A_random,A_gru_2l,0.5357975424163258,0.007291120466265082,3,0.46136991362577207,0.9828641958377619,0.9837814074730838,0.5192279042534443,0.5655544631007111,83.26923746576843,rnn,47399.0,59.0,49.0,1.4856592847184293,0.001,512.0,"GRU 2x64, last"
A_random,A_lstm_2l,0.5349697631919201,0.00239755120842637,3,0.46313046037141575,0.9830287653855384,0.9838501154566585,0.5177874779230924,0.5632549355812907,92.57146353367716,rnn,60967.0,59.0,49.0,0.8141144220401548,0.001,512.0,"LSTM 2x64, last"
A_random,A_lstm,0.5328611709459188,0.0031679821848258384,3,0.4618534797831127,0.9820802047976595,0.9833393610994131,0.5020107324197771,0.5782598693903973,67.00421349999185,rnn,27687.0,60.0,50.0,0.7132878883276135,0.001,512.0,"LSTM 1x64, last"
A_random,A_gru_attn,0.5319668055730856,,1,0.47433383319875416,0.9842373230020228,0.9844026585633281,0.5250354216331109,0.5549369016229513,93.43307119887322,rnn,22504.0,57.0,47.0,1.6391766876995302,0.001,512.0,"GRU 1x64, attn"
A_random,A_gru_mean,0.5305420202012516,,1,0.4606786887134873,0.9837521856893064,0.9841375980738101,0.5196903586947886,0.5500275179882933,77.46143710031174,rnn,22439.0,52.0,42.0,1.4896430211598413,0.001,512.0,"GRU 1x64, mean"
A_random,A_cnn_bn,0.5276292694001594,,1,0.4448320082072326,0.9812544999485721,0.9827926006551535,0.496313667932613,0.5734747203989797,64.27501269965433,cnn,22855.0,63.0,53.0,1.02023829681991,0.001,512.0,"Conv 32-64 k3 maxpool +BN, flatten, do 0.0"
A_random,A_gru_h128,0.526820744270312,,1,0.4645204042188967,0.9831950491994377,0.9838216808886305,0.5104608050132579,0.5565338385826918,68.76518060080707,rnn,66855.0,45.0,35.0,1.5281151244623794,0.001,512.0,"GRU 1x128, last"
A_random,A_cnn_wide,0.5267280953685828,,1,0.45375319544503834,0.9837538999554291,0.9839932350168266,0.5317157032329985,0.5335149665639467,67.35870479955338,cnn,55399.0,52.0,42.0,1.2953597076837189,0.001,512.0,"Conv 64-128 k3 maxpool +BN, flatten, do 0.3"
A_random,A_gru_bs2048,0.525401443257025,,1,0.4624590069616248,0.9837419000925703,0.9841249736455577,0.5187516456365031,0.5396043270216176,40.29568819957785,rnn,22439.0,100.0,98.0,0.4029568819957785,0.001,2048.0,"GRU 1x64, last"
A_random,A_gru_nodrop,0.5245412633456981,,1,0.45495418587445224,0.9834144752631399,0.9839013686371961,0.5106098691687552,0.5462189620763238,105.77518170210533,rnn,22439.0,73.0,63.0,1.448975091809662,0.001,512.0,"GRU 1x64, last, do 0.0"
A_random,A_gru,0.5236799589145044,0.0039666985537750036,3,0.46055134923274865,0.9836401869692918,0.9840403251163323,0.5111397804926434,0.5416832745249055,51.403099099484585,rnn,22439.0,52.0,42.0,0.7644488980653338,0.001,512.0,"GRU 1x64, last"
A_random,A_cnn_simple,0.523512480358111,0.0050185317979350025,3,0.45133314203153124,0.9829664803830814,0.9836273003550898,0.50708239847805,0.5488187203204525,45.29850603321878,cnn,22663.0,57.0,47.0,0.9507881666762394,0.001,512.0,"Conv 32-64 k3 maxpool, flatten, do 0.0"
A_random,A_mlp,0.5227448505321258,0.006267992039262904,3,0.4521280562078909,0.982129347093176,0.9831894378152967,0.4984329128202201,0.5606964448874808,45.92962850009402,mlp,22407.0,52.0,42.0,0.9684650173070483,0.001,512.0,"MLP 2x128, do 0.2"
A_random,A_cnn_3l,0.5218548232175249,,1,0.45543012845465164,0.9829601947406316,0.9836205317143549,0.5002635051893489,0.5532831175261408,69.54527409933507,cnn,60103.0,52.0,42.0,1.3374091172949052,0.001,512.0,"Conv 32-64-128 k3 maxpool +BN, flatten, do 0.3"
A_random,A_cnn_do,0.5199149612105841,,1,0.45443630687957737,0.9842253231391641,0.9842380018364454,0.5227617712620617,0.5215939037049842,49.68671530066058,cnn,22663.0,52.0,42.0,0.9555137557819342,0.001,512.0,"Conv 32-64 k3 maxpool, flatten, do 0.3"
A_random,A_cnn_avgpool,0.5198789415022651,,1,0.45116525423728815,0.9820636335584736,0.983130202009068,0.49486611123581076,0.5575095349915974,81.16860629967414,cnn,22855.0,52.0,42.0,1.560934736532195,0.001,512.0,"Conv 32-64 k3 avgpool +BN, flatten, do 0.3"
A_random,A_cnn_k5,0.5188213767603937,,1,0.4496317157712305,0.9823276305413653,0.9832487081009381,0.49297266926463107,0.5517915503024181,59.938525600824505,cnn,27975.0,52.0,42.0,1.1526639538620098,0.001,512.0,"Conv 32-64 k5 maxpool +BN, flatten, do 0.3"
A_random,A_cnn_bs2048,0.5154197692072717,,1,0.43866171003717475,0.9818613501559982,0.9829386156591984,0.5035819476820724,0.5476974298757759,34.109300499083474,cnn,22855.0,83.0,73.0,0.41095542769980087,0.001,2048.0,"Conv 32-64 k3 maxpool +BN, flatten, do 0.3"
A_random,A_cnn_bn_do,0.5141104451100245,0.003287569629682102,3,0.44236812248299406,0.9822264888401276,0.9830887235311389,0.4994894696885057,0.540267040086698,45.30085059969375,cnn,22855.0,52.0,42.0,1.1126998769199976,0.001,512.0,"Conv 32-64 k3 maxpool +BN, flatten, do 0.3"
A_random,A_cnn_gap,0.5128644551261512,,1,0.44265012566172934,0.9818716357527343,0.9829070196747526,0.49852465029055953,0.5384524721940768,61.62693270039745,cnn,14663.0,55.0,45.0,1.1204896854617719,0.001,512.0,"Conv 32-64 k3 maxpool +BN, gap, do 0.3"
A_random,A_gru_lr3e-4,0.508228357578817,,1,0.4421516470525015,0.9819419206637638,0.9829985801613386,0.4866686158446356,0.5419369666709478,139.67900370014831,rnn,22439.0,94.0,84.0,1.4859468478739182,0.0003,512.0,"GRU 1x64, last"
A_random,A_cnn_lr3e-4,0.5048904843010681,,1,0.4390301180062232,0.9834299036582439,0.9835558735448201,0.49416611952234046,0.5188670612565004,87.59274020069279,cnn,22855.0,63.0,53.0,1.3903609555665521,0.0003,512.0,"Conv 32-64 k3 maxpool +BN, flatten, do 0.3"
B_group,B_cnn_k5,0.7423757353808359,,1,0.7068147947432597,0.9924795387862253,0.9922150775237887,0.8136184534184346,0.6982941236564127,93.59253540029749,cnn,22439.0,76.0,66.0,1.2314807289512828,0.001,512.0,"Conv 32-64 k5 maxpool +BN, gap, do 0.3"
B_group,B_cnn_3l,0.7373171127629332,,1,0.6973020251631569,0.9921947118271821,0.9919699351451616,0.783772329445072,0.7022123387170688,64.59410019940697,cnn,45351.0,42.0,32.0,1.5379547666525468,0.001,512.0,"Conv 32-64-128 k3 maxpool +BN, gap, do 0.3"
B_group,B_gru_2l,0.7349017669760913,0.0035669156161399753,3,0.7139601803138885,0.9924160532592096,0.9922080193380144,0.7979920491644511,0.6945217595637257,224.15724323387258,rnn,50567.0,63.0,53.0,4.684991387310364,0.001,512.0,"GRU 2x64, last"
B_group,B_cnn_bn_do,0.7312523357809583,0.006355456728889807,3,0.6932248061678242,0.9920545861143998,0.9918587700068171,0.7967363741804627,0.6899995099362162,35.42605799995363,cnn,16295.0,32.0,22.0,1.2035467468667775,0.001,512.0,"Conv 32-64 k3 maxpool +BN, gap, do 0.3"
B_group,B_cnn_cnt,0.7305044092372527,,1,0.6994293387042632,0.9922067226025635,0.9920056678834144,0.7808329401942485,0.6968026842723181,33.11729809944518,cnn,16487.0,30.0,20.0,1.1039099366481726,0.001,512.0,"Conv 32-64 k3 maxpool +BN, gap, do 0.3, +đếm"
B_group,B_gru_cnt,0.7218501645195295,0.014477876175962266,3,0.7010761629737656,0.9919979638876021,0.991831431475655,0.7754061558832638,0.6884122580204507,158.81460106675513,rnn,25799.0,79.0,69.0,2.4119738645562783,0.001,512.0,"GRU 1x64, last, +đếm"
B_group,B_gru,0.7202433864440628,0.002150833008022442,3,0.6979801901516804,0.9915901694663213,0.9916180550354653,0.7556438026148609,0.6997121714844453,202.59913913362348,rnn,25607.0,63.0,53.0,4.032511473038337,0.001,512.0,"GRU 1x64, last"
B_group,B_gru_attn,0.7194357031015511,,1,0.6920998455995883,0.991554709081862,0.9915575086942167,0.7563369322585191,0.6965509167201029,224.3139717997983,rnn,25672.0,36.0,26.0,6.230943661105509,0.001,512.0,"GRU 1x64, attn"
B_group,B_cnn_gmp,0.7189081386558651,,1,0.6755332819326652,0.9911806592199859,0.991302444764721,0.7718655339041137,0.6905196109117367,45.108309399103746,cnn,16295.0,32.0,22.0,1.409634668721992,0.001,512.0,"Conv 32-64 k3 maxpool +BN, gmp, do 0.3"
B_group,B_lstm,0.714978955652486,0.0038133359582176126,3,0.6997939848519072,0.9918818597255824,0.9917242956456023,0.7679275609064273,0.6851768021620775,162.35519929951988,rnn,31879.0,70.0,60.0,1.7513821328624284,0.001,512.0,"LSTM 1x64, last"
B_group,B_bigru,0.714923621811355,,1,0.6907196604283233,0.9914895077297918,0.9914998585495087,0.7674151784185518,0.6880175423674337,428.9585298001766,rnn,48519.0,41.0,31.0,10.462403165857966,0.001,512.0,"BiGRU 1x64, last"
B_group,B_gru_mean,0.7129897615680624,,1,0.6919882100750268,0.9917914929393798,0.9916131157576813,0.7905591487445054,0.6693030431281396,302.1719083006028,rnn,25607.0,52.0,42.0,5.810998236550054,0.001,512.0,"GRU 1x64, mean"
B_group,B_mlp_cnt,0.71210977422131,0.0011359620567437318,3,0.687994112225971,0.9917394462460608,0.9916144239737666,0.7391825898351468,0.6933053984188841,45.10357329909069,mlp,23047.0,54.0,44.0,0.7075277073739993,0.001,512.0,"MLP 2x128, do 0.2, +đếm"
B_group,B_gru_L4,0.7116313954104193,,1,0.6909066913026264,0.9917623239134538,0.9915860896494212,0.7339986523362014,0.6940972061758056,159.72838490153663,rnn,25607.0,69.0,59.0,2.314904129007777,0.001,512.0,"GRU 1x64, last, L=4"
B_group,B_gru_L32,0.6921274662800688,,1,0.6886096150009974,0.9913814107513598,0.991239659544065,0.7561209198877143,0.6582809689776871,203.8363928005565,rnn,25607.0,36.0,26.0,5.66212202223768,0.001,512.0,"GRU 1x64, last, L=32"
B_group,B_cnn_simple,0.686079978801815,,1,0.6518223659659161,0.990034488083595,0.9902781687585184,0.7200699537010218,0.674147298077326,24.827882499899715,cnn,16103.0,22.0,12.0,1.1285401136318052,0.001,512.0,"Conv 32-64 k3 maxpool, gap, do 0.0"
B_group,B_gru_L1,0.6599811820787852,0.007858650985925298,3,0.6373846969615123,0.9897330748156917,0.9898876879193595,0.6493263220445847,0.6791372849402603,110.01568080058011,rnn,25607.0,51.0,41.0,2.7895637117554526,0.001,512.0,"GRU 1x64, last, L=1"
B_group,B_mlp,0.654629239455993,0.007376677307311567,3,0.6367950091210441,0.9896478555046527,0.9898637910666336,0.6436040908467077,0.6834432651183474,54.01408736718198,mlp,22663.0,98.0,88.0,0.8782051163274148,0.001,512.0,"MLP 2x128, do 0.2"
baseline_group,XGB_hist,0.7673119053658299,,1,0.7502121271457477,0.9933940735402619,0.9932658451921837,0.7789378805033084,0.7612854946340291,29.848849900066853,xgboost,,,,,,,XGBoost + đếm + mean/max lịch sử
baseline_group,XGB_count,0.7589347450813511,,1,0.7437225463843178,0.9932139119095417,0.9930661819062391,0.7758314420258374,0.7479077052889097,29.90713829989545,xgboost,,,,,,,XGBoost + đếm lịch sử
baseline_group,XGB_current,0.565105148748528,,1,0.4966261808367072,0.9851855664796417,0.9858303495261445,0.5471366209320506,0.5900539242784608,37.01758719980717,xgboost,,,,,,,"XGBoost, dòng hiện tại"
baseline_random,XGB_current,0.5745236760743132,,1,0.5069011576135352,0.9846727465971817,0.9852910542792106,0.5479158152774438,0.6061082932490924,31.96814570017159,xgboost,,,,,,,"XGBoost, dòng hiện tại"
