label,count
white,2875284
paduaCryptoWall,12390
montrealCryptoLocker,9315
princetonCerber,9223
princetonLocky,6625
montrealCryptXXX,2419
montrealNoobCrypt,483
montrealDMALockerv3,354
montrealDMALocker,251
montrealSamSam,62
montrealCryptoTorLocker2015,55
montrealGlobeImposter,55
montrealGlobev3,34
montrealGlobe,32
montrealWannaCry,28
montrealRazy,13
montrealAPT,11
paduaKeRanger,10
montrealFlyper,9
montrealXTPLocker,8
montrealXLockerv5.0,7
montrealVenusLocker,7
montrealCryptConsole,7
montrealEDA2,6
montrealJigSaw,4
paduaJigsaw,2
montrealXLocker,1
montrealSam,1
montrealComradeCircle,1
