year,target,count
2011,montrealCryptoLocker,65
2011,white,355284
2012,montrealCryptoLocker,714
2012,white,365000
2013,montrealCryptoLocker,7484
2013,otherRansom,10
2013,white,365000
2014,montrealCryptoLocker,1050
2014,otherRansom,112
2014,paduaCryptoWall,9157
2014,white,365000
2015,montrealCryptoLocker,2
2015,otherRansom,466
2015,paduaCryptoWall,3233
2015,white,365000
2016,montrealCryptXXX,2419
2016,otherRansom,584
2016,princetonCerber,6043
2016,princetonLocky,6585
2016,white,365000
2017,otherRansom,266
2017,princetonCerber,3180
2017,princetonLocky,40
2017,white,365000
2018,otherRansom,3
2018,white,330000
