model,class,precision,recall,f1-score
LogisticRegression,montrealCryptXXX,0.2918848167539267,0.4607438016528926,0.3573717948717949
LogisticRegression,montrealCryptoLocker,0.1145334928229665,0.2055823939881911,0.14710966007297868
LogisticRegression,otherRansom,0.005705591479650057,0.3125,0.011206574523720583
LogisticRegression,paduaCryptoWall,0.14785570521752595,0.38539144471347864,0.2137182499720264
LogisticRegression,princetonCerber,0.18688845401174167,0.3105691056910569,0.2333536957849725
LogisticRegression,princetonLocky,0.42303609341825904,0.6015094339622642,0.49672795263321906
LogisticRegression,white,0.9919065155448158,0.9522203885875661,0.9716583888294447
KNN,montrealCryptXXX,0.5081967213114754,0.512396694214876,0.5102880658436214
KNN,montrealCryptoLocker,0.1502958579881657,0.2726784755770263,0.19378218577150486
KNN,otherRansom,0.02727272727272727,0.020833333333333332,0.023622047244094488
KNN,paduaCryptoWall,0.21670876939732947,0.48466505246166264,0.299501246882793
KNN,princetonCerber,0.3805,0.4124661246612466,0.39583875162548765
KNN,princetonLocky,0.4010963910461398,0.6626415094339623,0.49971542401821284
KNN,white,0.9921495432126296,0.9825982467824929,0.9873507965381128
RandomForest,montrealCryptXXX,0.8734439834024896,0.8698347107438017,0.8716356107660456
RandomForest,montrealCryptoLocker,0.23045435939418749,0.3022007514761138,0.26149558755225266
RandomForest,otherRansom,0.03905160390516039,0.09722222222222222,0.05572139303482587
RandomForest,paduaCryptoWall,0.32665330661322645,0.4604519774011299,0.3821805392731536
RandomForest,princetonCerber,0.6390328151986183,0.6016260162601627,0.6197654941373534
RandomForest,princetonLocky,0.6346037507562009,0.7916981132075471,0.7044996642041639
RandomForest,white,0.9932561123573929,0.9893836610979433,0.9913161049315603
HistGradientBoosting,montrealCryptXXX,0.8450980392156863,0.890495867768595,0.8672032193158954
HistGradientBoosting,montrealCryptoLocker,0.2794279427942794,0.2726784755770263,0.276011953273567
HistGradientBoosting,otherRansom,0.08450704225352113,0.08333333333333333,0.08391608391608392
HistGradientBoosting,paduaCryptoWall,0.36502971535814827,0.47094430992736075,0.4112775330396476
HistGradientBoosting,princetonCerber,0.6052765093860984,0.6466124661246613,0.6252620545073375
HistGradientBoosting,princetonLocky,0.6926762491444216,0.7637735849056604,0.7264895908111989
HistGradientBoosting,white,0.9932555186474806,0.9916008326131148,0.9924274859113993
LightGBM,montrealCryptXXX,0.8223062381852552,0.8987603305785123,0.8588351431391905
LightGBM,montrealCryptoLocker,0.2511111111111111,0.3032742887815352,0.27473863360077805
LightGBM,otherRansom,0.06963249516441006,0.125,0.08944099378881988
LightGBM,paduaCryptoWall,0.3396375098502758,0.5217917675544794,0.41145584725536993
LightGBM,princetonCerber,0.6701346389228886,0.5934959349593496,0.6294912331129635
LightGBM,princetonLocky,0.6820885657633841,0.7788679245283019,0.7272727272727273
LightGBM,white,0.9934565251531173,0.9900583768217759,0.9917545401416369
XGBoost,montrealCryptXXX,0.8036036036036036,0.9214876033057852,0.8585178055822906
XGBoost,montrealCryptoLocker,0.269825918762089,0.2995169082125604,0.2838972271686594
XGBoost,otherRansom,0.10702341137123746,0.1111111111111111,0.10902896081771721
XGBoost,paduaCryptoWall,0.36385762093094004,0.4826472962066182,0.41491760624457935
XGBoost,princetonCerber,0.6145940390544707,0.6482384823848238,0.6309680823001846
XGBoost,princetonLocky,0.6830065359477124,0.7886792452830189,0.7320490367775832
XGBoost,white,0.9934995772720537,0.9910774062397293,0.9922870136291777
Ensemble,montrealCryptXXX,0.8574257425742574,0.8946280991735537,0.8756319514661274
Ensemble,montrealCryptoLocker,0.2663270032422418,0.30864197530864196,0.28592739930382893
Ensemble,otherRansom,0.09142857142857143,0.1111111111111111,0.10031347962382445
Ensemble,paduaCryptoWall,0.34845132743362833,0.5084745762711864,0.4135214965539875
Ensemble,princetonCerber,0.6452154448796866,0.6249322493224932,0.6349118942731278
Ensemble,princetonLocky,0.6603888213851762,0.820377358490566,0.7317401548300235
Ensemble,white,0.9936069299832367,0.9905313734116792,0.9920667680309039
